{
  "Mean": {
    "confidence_interval": {
      "confidence_level": 0.95,
      "lower_bound": 31838110.03043813,
      "upper_bound": 32400749.304403994
    },
    "point_estimate": 32108988.23665114,
    "standard_error": 143645.10968123324
  },
  "Median": {
    "confidence_interval": {
      "confidence_level": 0.95,
      "lower_bound": 31536876.333333332,
      "upper_bound": 31945591.55172414
    },
    "point_estimate": 31694105.285714287,
    "standard_error": 104912.718603192
  },
  "MedianAbsDev": {
    "confidence_interval": {
      "confidence_level": 0.95,
      "lower_bound": 547217.8469455881,
      "upper_bound": 1080843.6783371102
    },
    "point_estimate": 829466.8714240193,
    "standard_error": 145491.4825021187
  },
  "Slope": {
    "confidence_interval": {
      "confidence_level": 0.95,
      "lower_bound": 31865143.066887353,
      "upper_bound": 32441024.480899476
    },
    "point_estimate": 32146303.061833408,
    "standard_error": 146643.5522804053
  },
  "StdDev": {
    "confidence_interval": {
      "confidence_level": 0.95,
      "lower_bound": 1017737.2377218794,
      "upper_bound": 1801444.5532534267
    },
    "point_estimate": 1437631.039717202,
    "standard_error": 200270.77707994592
  }
}